{
  "model": {
    "type": "select",
    "property": "custom_model_data",
    "fallback": {
      "type": "model",
      "model": "item/lime_dye"
    },
    "cases": [
      { "when": "1", "model": { "type": "model", "model": "item/panier" } },
      { "when": "2", "model": { "type": "model", "model": "item/cadeau" } },
      { "when": "3", "model": { "type": "model", "model": "item/vote" } },
      { "when": "4", "model": { "type": "model", "model": "item/vote_24h" } },
      { "when": "5", "model": { "type": "model", "model": "item/ichiban" } }
    ]
  }
}
