{
  "model": {
    "type": "select",
    "property": "custom_model_data",
    "fallback": {
      "type": "model",
      "model": "item/red_dye"
    },
    "cases": [
      { "when": "1",  "model": { "type": "model", "model": "item/cle_vote" } },
      { "when": "2",  "model": { "type": "model", "model": "item/cle_journaliere" } },
      { "when": "3",  "model": { "type": "model", "model": "item/cle_epique" } },
      { "when": "4",  "model": { "type": "model", "model": "item/cle_legendaire" } }
    ]
  }
}

