{
  "model": {
    "type": "select",
    "property": "custom_model_data",
    "fallback": {
      "type": "model",
      "model": "minecraft:item/lime_dye"
    },
    "cases": [
      {
        "when": "1",
        "model": {
          "type": "model",
          "model": "ichiban:item/panier"
          }
      },
      {
        "when": "2",
        "model": {
          "type": "model",
          "model": "ichiban:item/cadeau"
          }
      },
      {
        "when": "3",
        "model": {
          "type": "model",
          "model": "ichiban:item/vote"
          }
      },
      {
        "when": "4",
        "model": {
          "type": "model",
          "model": "ichiban:item/vote_24h"
          }
      },
      {
        "when": "5",
        "model": {
          "type": "model",
          "model": "ichiban:item/ichiban_logo"
          }
      }
    ]
  }
}

