{
  "model": {
    "type": "select",
    "property": "custom_model_data",
    "fallback": {
      "type": "minecraft:model",
      "model": "minecraft:item/milk_bucket"
    },
    "cases": [
      { "when": "1",  "model": { "type": "minecraft:model", "model": "ichiban:item/redbull_abricot" } },
      { "when": "2",  "model": { "type": "minecraft:model", "model": "ichiban:item/redbull_juneberry" } },
      { "when": "3",  "model": { "type": "minecraft:model", "model": "ichiban:item/redbull_vanille" } },
      { "when": "4",  "model": { "type": "minecraft:model", "model": "ichiban:item/redbull_tropical" } },
      { "when": "5",  "model": { "type": "minecraft:model", "model": "ichiban:item/redbull_pasteque" } },
      { "when": "99", "model": { "type": "minecraft:model", "model": "ichiban:item/redbull" } }
    ]
  }
}
