{
  "model": {
    "type": "select",
    "property": "custom_model_data",
    "fallback": {
      "type": "model",
      "model": "item/milk_bucket"
    },
    "cases": [
      { "when": "1",  "model": { "type": "model", "model": "item/redbull_abricot" } },
      { "when": "2",  "model": { "type": "model", "model": "item/redbull_juneberry" } },
      { "when": "3",  "model": { "type": "model", "model": "item/redbull_vanille" } },
      { "when": "4",  "model": { "type": "model", "model": "item/redbull_tropical" } },
      { "when": "5",  "model": { "type": "model", "model": "item/redbull_pasteque" } },
      { "when": "99", "model": { "type": "model", "model": "item/redbull" } }
    ]
  }
}
