{
  "model": {
    "type": "select",
    "property": "custom_model_data",
    "fallback": {
      "type": "model",
      "model": "minecraft:item/paper"
    },
    "cases": [
      { "when": "1",  "model": { "type": "model", "model": "ichiban:item/horse/1"  } },
      { "when": "2",  "model": { "type": "model", "model": "ichiban:item/horse/2"  } },
      { "when": "3",  "model": { "type": "model", "model": "ichiban:item/horse/3"  } },
      { "when": "4",  "model": { "type": "model", "model": "ichiban:item/horse/4"  } },
      { "when": "5",  "model": { "type": "model", "model": "ichiban:item/horse/5"  } },
      { "when": "6",  "model": { "type": "model", "model": "ichiban:item/horse/6"  } },
      { "when": "7",  "model": { "type": "model", "model": "ichiban:item/horse/7"  } },
      { "when": "8",  "model": { "type": "model", "model": "ichiban:item/horse/8"  } },
      { "when": "9",  "model": { "type": "model", "model": "ichiban:item/horse/9"  } },
      { "when": "10", "model": { "type": "model", "model": "ichiban:item/horse/10" } },
      { "when": "11", "model": { "type": "model", "model": "ichiban:item/horse/11" } },
      { "when": "12", "model": { "type": "model", "model": "ichiban:item/horse/12" } },
      { "when": "13", "model": { "type": "model", "model": "ichiban:item/horse/13" } },
      { "when": "14", "model": { "type": "model", "model": "ichiban:item/horse/14" } },
      { "when": "15", "model": { "type": "model", "model": "ichiban:item/horse/15" } },
      { "when": "16", "model": { "type": "model", "model": "ichiban:item/horse/16" } },
      { "when": "17", "model": { "type": "model", "model": "ichiban:item/horse/17" } },
      { "when": "18", "model": { "type": "model", "model": "ichiban:item/horse/18" } },
      { "when": "19", "model": { "type": "model", "model": "ichiban:item/horse/19" } },
      { "when": "20", "model": { "type": "model", "model": "ichiban:item/horse/20" } },
      { "when": "21", "model": { "type": "model", "model": "ichiban:item/horse/21" } },
      { "when": "22", "model": { "type": "model", "model": "ichiban:item/horse/22" } },
      { "when": "23", "model": { "type": "model", "model": "ichiban:item/horse/23" } },
      { "when": "24", "model": { "type": "model", "model": "ichiban:item/horse/24" } },
      { "when": "25", "model": { "type": "model", "model": "ichiban:item/horse/25" } },
      { "when": "26", "model": { "type": "model", "model": "ichiban:item/horse/26" } },
      { "when": "27", "model": { "type": "model", "model": "ichiban:item/horse/27" } },
      { "when": "28", "model": { "type": "model", "model": "ichiban:item/horse/28" } },
      { "when": "29", "model": { "type": "model", "model": "ichiban:item/horse/29" } },
      { "when": "30", "model": { "type": "model", "model": "ichiban:item/horse/30" } },
      { "when": "31", "model": { "type": "model", "model": "ichiban:item/horse/31" } },
      { "when": "32", "model": { "type": "model", "model": "ichiban:item/horse/32" } },
      { "when": "33", "model": { "type": "model", "model": "ichiban:item/horse/33" } },
      { "when": "34", "model": { "type": "model", "model": "ichiban:item/horse/34" } },
      { "when": "35", "model": { "type": "model", "model": "ichiban:item/horse/35" } }
    ]
  }
}
