{
  "model": {
    "type": "select",
    "property": "custom_model_data",
    "fallback": {
      "type": "model",
      "model": "minecraft:item/red_dye"
    },
    "cases": [
      {
        "when": 4,
        "model": { "type": "model", "model": "ichiban:item/cle_legendaire" }
      },
      {
        "when": "4",
        "model": { "type": "model", "model": "ichiban:item/cle_legendaire" }
      },
      {
        "when": 1,
        "model": { "type": "model", "model": "ichiban:item/cle_vote" }
      },
      {
        "when": "1",
        "model": { "type": "model", "model": "ichiban:item/cle_vote" }
      },
      {
        "when": 2,
        "model": { "type": "model", "model": "ichiban:item/cle_journaliere" }
      },
      {
        "when": "2",
        "model": { "type": "model", "model": "ichiban:item/cle_journaliere" }
      },
      {
        "when": 3,
        "model": { "type": "model", "model": "ichiban:item/cle_epique" }
      },
      {
        "when": "3",
        "model": { "type": "model", "model": "ichiban:item/cle_epique" }
      }
    ]
  }
}
