{
   "parent": "minecraft:item/generated",
   "textures": {
        "layer0": "item/lime_dye"
    },
    "overrides": [
        {
            "predicate": {"minecraft:custom_model_data": { "value": 1}},
            "model": "item/panier"
        },
    	{
            "predicate": {"minecraft:custom_model_data": { "value": 2}},
            "model": "item/cadeau"
        },
    	{
            "predicate": {"minecraft:custom_model_data": { "value": 3}},
            "model": "item/vote"
        },
    	{
            "predicate": {"minecraft:custom_model_data": { "value": 4}},
            "model": "item/vote_24h"
        },
        {
            "predicate": {"minecraft:custom_model_data": { "value": 5}},
            "model": "item/ichiban"
        }
    ]
}