{
  "parent": "minecraft:item/generated",
  "textures": {
    "layer0": "item/milk_bucket"
  },
  "overrides": [
    {
      "predicate": {"minecraft:custom_model_data": { "value": 1 }},
      "model": "item/redbull_abricot"
    },
     {
      "predicate": {"minecraft:custom_model_data": { "value": 2 }},
      "model": "item/redbull_juneberry"
    },
     {
      "predicate": {"minecraft:custom_model_data": { "value": 3 }},
      "model": "item/redbull_vanille"
    },
     {
      "predicate": {"minecraft:custom_model_data": { "value": 4 }},
      "model": "item/redbull_tropical"
    },
     {
      "predicate": {"minecraft:custom_model_data": { "value": 5 }},
      "model": "item/redbull_pasteque"
    },
     {
      "predicate": {"minecraft:custom_model_data": { "value": 99 }},
      "model": "item/redbull"
    }
  ]
}
