{
    "parent": "item/generated",
    "textures": {
        "layer0": "item/paper"
    },
    "overrides": [
	{"predicate": {"minecraft:custom_model_data": { "value": 1}},"model": "item/horse/1"},
	{"predicate": {"minecraft:custom_model_data": { "value": 2}},"model": "item/horse/2"},
	{"predicate": {"minecraft:custom_model_data": { "value": 3}},"model": "item/horse/3"},
	{"predicate": {"minecraft:custom_model_data": { "value": 4}},"model": "item/horse/4"},
	{"predicate": {"minecraft:custom_model_data": { "value": 5}},"model": "item/horse/5"},
	{"predicate": {"minecraft:custom_model_data": { "value": 6}},"model": "item/horse/6"},
	{"predicate": {"minecraft:custom_model_data": { "value": 7}},"model": "item/horse/7"},
	{"predicate": {"minecraft:custom_model_data": { "value": 8}},"model": "item/horse/8"},
	{"predicate": {"minecraft:custom_model_data": { "value": 9}},"model": "item/horse/9"},
	{"predicate": {"minecraft:custom_model_data": { "value": 10}},"model": "item/horse/10"},
	{"predicate": {"minecraft:custom_model_data": { "value": 11}},"model": "item/horse/11"},
	{"predicate": {"minecraft:custom_model_data": { "value": 12}},"model": "item/horse/12"},
	{"predicate": {"minecraft:custom_model_data": { "value": 13}},"model": "item/horse/13"},
	{"predicate": {"minecraft:custom_model_data": { "value": 14}},"model": "item/horse/14"},
	{"predicate": {"minecraft:custom_model_data": { "value": 15}},"model": "item/horse/15"},
	{"predicate": {"minecraft:custom_model_data": { "value": 16}},"model": "item/horse/16"},
	{"predicate": {"minecraft:custom_model_data": { "value": 17}},"model": "item/horse/17"},
	{"predicate": {"minecraft:custom_model_data": { "value": 18}},"model": "item/horse/18"},
	{"predicate": {"minecraft:custom_model_data": { "value": 19}},"model": "item/horse/19"},
	{"predicate": {"minecraft:custom_model_data": { "value": 20}},"model": "item/horse/20"},
	{"predicate": {"minecraft:custom_model_data": { "value": 21}},"model": "item/horse/21"},
	{"predicate": {"minecraft:custom_model_data": { "value": 22}},"model": "item/horse/22"},
	{"predicate": {"minecraft:custom_model_data": { "value": 23}},"model": "item/horse/23"},
	{"predicate": {"minecraft:custom_model_data": { "value": 24}},"model": "item/horse/24"},
	{"predicate": {"minecraft:custom_model_data": { "value": 25}},"model": "item/horse/25"},
	{"predicate": {"minecraft:custom_model_data": { "value": 26}},"model": "item/horse/26"},
	{"predicate": {"minecraft:custom_model_data": { "value": 27}},"model": "item/horse/27"},
	{"predicate": {"minecraft:custom_model_data": { "value": 28}},"model": "item/horse/28"},
	{"predicate": {"minecraft:custom_model_data": { "value": 29}},"model": "item/horse/29"},
	{"predicate": {"minecraft:custom_model_data": { "value": 30}},"model": "item/horse/30"},
	{"predicate": {"minecraft:custom_model_data": { "value": 31}},"model": "item/horse/31"},
	{"predicate": {"minecraft:custom_model_data": { "value": 32}},"model": "item/horse/32"},
	{"predicate": {"minecraft:custom_model_data": { "value": 33}},"model": "item/horse/33"},
	{"predicate": {"minecraft:custom_model_data": { "value": 34}},"model": "item/horse/34"},
	{"predicate": {"minecraft:custom_model_data": { "value": 35}},"model": "item/horse/35"}
    ]
}
