{
    "parent": "item/generated",
    "textures": {
        "layer0": "item/red_dye"
    },
    "overrides": [
        {
            "predicate": {"minecraft:custom_model_data": { "value": 1}},
            "model": "item/cle_vote"
        },
        {
            "predicate": {"minecraft:custom_model_data": { "value": 2}},
            "model": "item/cle_journaliere"
        },
        {
            "predicate": {"minecraft:custom_model_data": { "value": 3}},
            "model": "item/cle_epique"
        },
        {
            "predicate": {"minecraft:custom_model_data": { "value": 4}},
            "model": "item/cle_legendaire"
        }
    ]
}
