{
   "parent": "minecraft:item/generated",
   "textures": {
        "layer0": "item/lime_dye"
    },
    "overrides": [
        {
            "predicate": {"custom_model_data":1},
            "model": "item/panier"
        },
    	{
            "predicate": {"custom_model_data":2},
            "model": "item/cadeau"
        },
    	{
            "predicate": {"custom_model_data":3},
            "model": "item/vote"
        },
    	{
            "predicate": {"custom_model_data":4},
            "model": "item/vote_24h"
        },
        {
            "predicate": {"custom_model_data":5},
            "model": "item/ichiban"
        }
    ]
}