{
  "parent": "minecraft:item/generated",
  "textures": {
    "layer0": "item/milk_bucket"
  },
  "overrides": [
    {
      "predicate": {"custom_model_data":1},
      "model": "item/redbull_abricot"
    },
     {
      "predicate": {"custom_model_data":2},
      "model": "item/redbull_juneberry"
    },
     {
      "predicate": {"custom_model_data":3},
      "model": "item/redbull_vanille"
    },
     {
      "predicate": {"custom_model_data":4},
      "model": "item/redbull_tropical"
    },
     {
      "predicate": {"custom_model_data":5},
      "model": "item/redbull_pasteque"
    },
     {
      "predicate": {"custom_model_data":99},
      "model": "item/redbull"
    }
  ]
}
