{
    "parent": "item/generated",
    "textures": {
        "layer0": "item/paper"
    },
    "overrides": [
	{"predicate": {"custom_model_data":1},"model": "item/horse/1"},
	{"predicate": {"custom_model_data":2},"model": "item/horse/2"},
	{"predicate": {"custom_model_data":3},"model": "item/horse/3"},
	{"predicate": {"custom_model_data":4},"model": "item/horse/4"},
	{"predicate": {"custom_model_data":5},"model": "item/horse/5"},
	{"predicate": {"custom_model_data":6},"model": "item/horse/6"},
	{"predicate": {"custom_model_data":7},"model": "item/horse/7"},
	{"predicate": {"custom_model_data":8},"model": "item/horse/8"},
	{"predicate": {"custom_model_data":9},"model": "item/horse/9"},
	{"predicate": {"custom_model_data":10},"model": "item/horse/10"},
	{"predicate": {"custom_model_data":11},"model": "item/horse/11"},
	{"predicate": {"custom_model_data":12},"model": "item/horse/12"},
	{"predicate": {"custom_model_data":13},"model": "item/horse/13"},
	{"predicate": {"custom_model_data":14},"model": "item/horse/14"},
	{"predicate": {"custom_model_data":15},"model": "item/horse/15"},
	{"predicate": {"custom_model_data":16},"model": "item/horse/16"},
	{"predicate": {"custom_model_data":17},"model": "item/horse/17"},
	{"predicate": {"custom_model_data":18},"model": "item/horse/18"},
	{"predicate": {"custom_model_data":19},"model": "item/horse/19"},
	{"predicate": {"custom_model_data":20},"model": "item/horse/20"},
	{"predicate": {"custom_model_data":21},"model": "item/horse/21"},
	{"predicate": {"custom_model_data":22},"model": "item/horse/22"},
	{"predicate": {"custom_model_data":23},"model": "item/horse/23"},
	{"predicate": {"custom_model_data":24},"model": "item/horse/24"},
	{"predicate": {"custom_model_data":25},"model": "item/horse/25"},
	{"predicate": {"custom_model_data":26},"model": "item/horse/26"},
	{"predicate": {"custom_model_data":27},"model": "item/horse/27"},
	{"predicate": {"custom_model_data":28},"model": "item/horse/28"},
	{"predicate": {"custom_model_data":29},"model": "item/horse/29"},
	{"predicate": {"custom_model_data":30},"model": "item/horse/30"},
	{"predicate": {"custom_model_data":31},"model": "item/horse/31"},
	{"predicate": {"custom_model_data":32},"model": "item/horse/32"},
	{"predicate": {"custom_model_data":33},"model": "item/horse/33"},
	{"predicate": {"custom_model_data":34},"model": "item/horse/34"},
	{"predicate": {"custom_model_data":35},"model": "item/horse/35"}
    ]
}
