{
    "parent": "item/generated",
    "textures": {
        "layer0": "item/red_dye"
    },
    "overrides": [
        {
            "predicate": {"custom_model_data":1},
            "model": "item/cle_vote"
        },
        {
            "predicate": {"custom_model_data":2},
            "model": "item/cle_journaliere"
        },
        {
            "predicate": {"custom_model_data":3},
            "model": "item/cle_epique"
        },
        {
            "predicate": {"custom_model_data":4},
            "model": "item/cle_legendaire"
        }
    ]
}
